event_id,customer_id,order_id,event_timestamp,event_type,session_id,device_type,zone_context,api_latency_ms,success_flag,event_month,event_hour,failed_app_event_flag,high_latency_flag
AE00001,C0488,Not Linked,2024-08-09 03:25:00,Eta_Refresh,S19847,Android,North,301,1,2024-08,3,0,0
AE00002,C0595,O00950,2024-02-13 22:29:00,Search_Route,S32766,Android,South,60,1,2024-02,22,0,0
AE00003,C0494,O00170,2025-08-11 09:29:00,Chat_Opened,S99516,Ios,Airport,1118,1,2025-08,9,0,1
AE00004,C0407,O00756,2025-08-23 17:38:00,Eta_Refresh,S41236,Ios,Central,442,1,2025-08,17,0,0
AE00005,C0506,Not Linked,2024-05-29 10:33:00,Search_Route,S12030,Ios,North,60,1,2024-05,10,0,0
AE00006,C0498,O01196,2025-02-08 09:50:00,Track_Order,S66655,Web,West,499,1,2025-02,9,0,0
AE00007,C0033,O00028,2025-04-20 19:06:00,Chat_Opened,S79495,Android,South,169,1,2025-04,19,0,0
AE00008,C0091,O00076,2024-08-18 02:08:00,Search_Route,S59028,Android,Central,431,1,2024-08,2,0,0
AE00009,C0421,O01222,2025-07-20 11:46:00,Eta_Refresh,S76526,Web,North,609,1,2025-07,11,0,1
AE00010,C0553,O00854,2024-07-10 13:11:00,Chat_Opened,S24618,Android,West,167,1,2024-07,13,0,0
AE00011,C0643,O00192,2025-05-10 11:23:00,Delivery_Instruction_Update,S22799,Ios,Central,182,1,2025-05,11,0,0
AE00012,C0095,O01080,2025-12-10 19:11:00,Chat_Escalated,S57519,Android,Central,60,1,2025-12,19,0,0
AE00013,C0479,O00414,2024-05-28 15:11:00,Chat_Escalated,S37114,Web,West,399,0,2024-05,15,1,0
AE00014,C0626,O01054,2025-04-04 13:19:00,Track_Order,S75243,Android,Airport,998,1,2025-04,13,0,1
AE00015,C0014,O00860,2024-08-16 15:27:00,Chat_Opened,S71663,Android,West,238,1,2024-08,15,0,0
AE00016,C0506,Not Linked,2024-01-13 06:22:00,Search_Route,S47757,Ios,Riverside,536,1,2024-01,6,0,0
AE00017,C0170,O00424,2024-04-04 06:22:00,Chat_Escalated,S30048,Android,North,624,0,2024-04,6,1,1
AE00018,C0530,O00295,2025-11-12 08:58:00,Delivery_Instruction_Update,S76990,Android,North,626,1,2025-11,8,0,1
AE00019,C0179,O00628,2025-03-31 17:14:00,Track_Order,S88326,Android,South,707,1,2025-03,17,0,1
AE00020,C0116,O01065,2025-10-25 19:05:00,Chat_Opened,S81897,Android,North,196,1,2025-10,19,0,0
AE00021,C0317,Not Linked,2025-09-22 05:58:00,Search_Route,S89590,Android,Central,494,1,2025-09,5,0,0
AE00022,C0188,O00844,2024-03-28 22:47:00,Delivery_Instruction_Update,S29750,Ios,South,760,1,2024-03,22,0,1
AE00023,C0543,O00854,2024-10-16 14:48:00,Chat_Opened,S76975,Ios,North,644,1,2024-10,14,0,1
AE00024,C0022,O01082,2024-03-11 19:51:00,Track_Order,S59171,Android,East,60,1,2024-03,19,0,0
AE00025,C0486,Not Linked,2025-06-27 22:42:00,Track_Order,S29906,Ios,North,350,1,2025-06,22,0,0
AE00026,C0490,O00330,2024-11-16 23:54:00,Eta_Refresh,S93151,Android,North,388,1,2024-11,23,0,0
AE00027,C0574,O00077,2024-05-12 06:04:00,Delivery_Instruction_Update,S14580,Ios,Riverside,886,1,2024-05,6,0,1
AE00028,C0166,Not Linked,2024-09-27 00:44:00,Track_Order,S26243,Android,South,570,1,2024-09,0,0,0
AE00029,C0367,Not Linked,2024-03-27 16:30:00,Payment_Retry,S27022,Android,East,435,1,2024-03,16,0,0
AE00030,C0455,O00229,2025-06-07 02:10:00,Chat_Opened,S74816,Ios,West,403,1,2025-06,2,0,0
AE00031,C0241,O01158,2024-06-09 05:13:00,Track_Order,S52070,Ios,Airport,1660,1,2024-06,5,0,1
AE00032,C0226,O00402,2025-09-20 00:20:00,Search_Route,S18892,Android,East,632,1,2025-09,0,0,1
AE00033,C0587,O00742,2025-01-03 09:32:00,Track_Order,S56165,Android,North,520,1,2025-01,9,0,0
AE00034,C0245,Not Linked,2025-08-21 08:08:00,Search_Route,S39479,Android,Central,510,1,2025-08,8,0,0
AE00035,C0017,Not Linked,2025-10-08 17:17:00,Payment_Retry,S20798,Ios,South,60,1,2025-10,17,0,0
AE00036,C0007,O00977,2025-05-03 17:47:00,Chat_Escalated,S19561,Ios,Central,362,0,2025-05,17,1,0
AE00037,C0160,Not Linked,2025-08-26 22:16:00,Chat_Opened,S73982,Android,East,458,1,2025-08,22,0,0
AE00038,C0166,O00475,2025-09-25 11:47:00,Eta_Refresh,S10481,Ios,West,324,1,2025-09,11,0,0
AE00039,C0274,Not Linked,2024-01-09 23:40:00,Payment_Retry,S24754,Ios,Central,528,1,2024-01,23,0,0
AE00040,C0532,O01015,2025-11-17 09:32:00,Search_Route,S82851,Ios,West,724,1,2025-11,9,0,1
AE00041,C0075,O00349,2025-05-24 04:19:00,Track_Order,S44614,Android,Riverside,670,1,2025-05,4,0,1
AE00042,C0409,O00044,2024-09-18 07:02:00,Search_Route,S80779,Ios,North,524,1,2024-09,7,0,0
AE00043,C0200,O00954,2024-11-27 18:10:00,Eta_Refresh,S78974,Android,West,287,1,2024-11,18,0,0
AE00044,C0633,O01022,2025-06-04 17:13:00,Search_Route,S44218,Android,Central,588,1,2025-06,17,0,0
AE00045,C0163,O00696,2024-10-09 22:04:00,Payment_Retry,S76855,Ios,Airport,555,1,2024-10,22,0,0
AE00046,C0531,O00016,2024-10-30 13:13:00,Search_Route,S55883,Web,West,326,1,2024-10,13,0,0
AE00047,C0063,O00159,2024-09-18 14:52:00,Track_Order,S29662,Ios,East,344,1,2024-09,14,0,0
AE00048,C0306,O01222,2025-02-25 04:16:00,Chat_Escalated,S77519,Android,Riverside,166,0,2025-02,4,1,0
AE00049,C0381,O01086,2025-11-11 17:22:00,Chat_Opened,S99244,Android,West,113,1,2025-11,17,0,0
AE00050,C0114,Not Linked,2024-01-05 23:16:00,Track_Order,S64182,Android,North,545,1,2024-01,23,0,0
AE00051,C0080,O00512,2025-10-18 21:50:00,Eta_Refresh,S35136,Android,Central,473,1,2025-10,21,0,0
AE00052,C0326,O01080,2024-02-12 02:37:00,Payment_Retry,S42021,Android,North,570,0,2024-02,2,1,0
AE00053,C0349,O00467,2024-11-28 23:28:00,Delivery_Instruction_Update,S83805,Ios,South,255,1,2024-11,23,0,0
AE00054,C0138,O00189,2025-05-01 02:00:00,Search_Route,S82990,Ios,South,73,1,2025-05,2,0,0
AE00055,C0120,O00922,2024-09-29 23:08:00,Track_Order,S55056,Ios,Airport,800,1,2024-09,23,0,1
AE00056,C0556,O01180,2025-09-23 17:24:00,Payment_Retry,S77071,Android,North,592,0,2025-09,17,1,0
AE00057,C0266,O00600,2025-11-03 13:54:00,Track_Order,S51373,Android,East,585,1,2025-11,13,0,0
AE00058,C0187,Not Linked,2025-08-26 16:54:00,Search_Route,S24062,Ios,Airport,207,1,2025-08,16,0,0
AE00059,C0613,Not Linked,2024-12-30 21:49:00,Delivery_Instruction_Update,S18202,Android,East,327,1,2024-12,21,0,0
AE00060,C0490,O00551,2025-09-14 12:20:00,Search_Route,S69751,Ios,Central,270,1,2025-09,12,0,0
AE00061,C0551,O01205,2025-03-31 09:18:00,Track_Order,S46023,Ios,Airport,418,1,2025-03,9,0,0
AE00062,C0116,O01105,2024-01-29 07:08:00,Track_Order,S57220,Android,Riverside,838,1,2024-01,7,0,1
AE00063,C0549,O00656,2024-11-06 15:04:00,Delivery_Instruction_Update,S42721,Android,East,274,1,2024-11,15,0,0
AE00064,C0515,O00032,2024-09-16 15:36:00,Track_Order,S99350,Android,Central,840,1,2024-09,15,0,1
AE00065,C0127,O01042,2024-04-03 04:07:00,Delivery_Instruction_Update,S23520,Android,East,287,1,2024-04,4,0,0
AE00066,C0612,Not Linked,2025-05-19 07:41:00,Payment_Retry,S90136,Android,Riverside,60,0,2025-05,7,1,0
AE00067,C0113,O00822,2025-04-28 01:07:00,Eta_Refresh,S57776,Android,North,594,1,2025-04,1,0,0
AE00068,C0130,O00096,2024-04-06 13:41:00,Chat_Opened,S29137,Android,Central,60,1,2024-04,13,0,0
AE00069,C0303,Not Linked,2025-02-13 15:13:00,Payment_Retry,S60656,Android,South,637,0,2025-02,15,1,1
AE00070,C0063,O00689,2025-06-11 06:37:00,Chat_Opened,S88132,Ios,Central,477,1,2025-06,6,0,0
AE00071,C0565,O01092,2024-10-11 06:33:00,Chat_Opened,S38006,Ios,East,300,1,2024-10,6,0,0
AE00072,C0006,O00802,2025-11-10 23:09:00,Track_Order,S37414,Android,Central,155,1,2025-11,23,0,0
AE00073,C0521,Not Linked,2025-08-20 22:37:00,Cancel_Attempt,S18062,Web,Airport,392,1,2025-08,22,0,0
AE00074,C0522,Not Linked,2025-04-13 00:33:00,Chat_Opened,S11111,Ios,Airport,347,1,2025-04,0,0,0
AE00075,C0439,O00245,2024-09-22 13:20:00,Delivery_Instruction_Update,S47526,Ios,Airport,463,1,2024-09,13,0,0
AE00076,C0221,O01006,2025-04-19 07:46:00,Delivery_Instruction_Update,S50746,Android,East,1005,1,2025-04,7,0,1
AE00077,C0549,O01026,2024-06-12 20:18:00,Search_Route,S59198,Ios,East,546,1,2024-06,20,0,0
AE00078,C0328,Not Linked,2025-04-30 19:26:00,Eta_Refresh,S67487,Android,Airport,853,1,2025-04,19,0,1
AE00079,C0371,O00950,2025-02-28 12:58:00,Delivery_Instruction_Update,S75895,Ios,Riverside,646,1,2025-02,12,0,1
AE00080,C0181,O00757,2024-01-08 01:12:00,Search_Route,S51497,Android,South,783,1,2024-01,1,0,1
AE00081,C0182,O00976,2024-05-14 22:41:00,Track_Order,S96252,Android,West,422,1,2024-05,22,0,0
AE00082,C0231,O00506,2025-12-03 00:20:00,Search_Route,S46240,Ios,East,60,1,2025-12,0,0,0
AE00083,C0215,O00602,2024-09-12 22:25:00,Track_Order,S29184,Ios,East,265,1,2024-09,22,0,0
AE00084,C0021,O01124,2024-02-22 02:18:00,Delivery_Instruction_Update,S65491,Ios,South,688,1,2024-02,2,0,1
AE00085,C0634,O01212,2024-03-20 07:47:00,Delivery_Instruction_Update,S30667,Android,Airport,843,1,2024-03,7,0,1
AE00086,C0256,Not Linked,2024-03-16 01:54:00,Search_Route,S82272,Ios,South,813,1,2024-03,1,0,1
AE00087,C0218,O00386,2024-06-27 01:58:00,Search_Route,S21479,Android,Riverside,401,1,2024-06,1,0,0
AE00088,C0157,Not Linked,2024-06-12 21:08:00,Chat_Opened,S21347,Android,North,561,1,2024-06,21,0,0
AE00089,C0637,O00619,2024-01-02 17:18:00,Search_Route,S54109,Web,North,60,1,2024-01,17,0,0
AE00090,C0044,O00078,2025-07-17 23:08:00,Payment_Retry,S76455,Android,North,820,1,2025-07,23,0,1
AE00091,C0204,O00772,2025-12-06 06:51:00,Chat_Escalated,S24981,Ios,East,610,1,2025-12,6,0,1
AE00092,C0129,O00080,2025-04-22 23:16:00,Eta_Refresh,S30798,Android,Central,522,1,2025-04,23,0,0
AE00093,C0025,O00405,2024-02-13 15:40:00,Payment_Retry,S57429,Ios,East,440,1,2024-02,15,0,0
AE00094,C0010,Not Linked,2025-08-01 11:56:00,Track_Order,S78031,Ios,South,573,1,2025-08,11,0,0
AE00095,C0428,O01057,2025-05-16 01:12:00,Delivery_Instruction_Update,S81735,Web,West,399,1,2025-05,1,0,0
AE00096,C0424,O00426,2025-02-07 00:14:00,Track_Order,S50881,Web,East,562,1,2025-02,0,0,0
AE00097,C0468,O00460,2025-06-10 04:05:00,Payment_Retry,S77602,Android,Riverside,404,0,2025-06,4,1,0
AE00098,C0101,Not Linked,2025-01-31 14:10:00,Chat_Escalated,S89859,Ios,Riverside,401,1,2025-01,14,0,0
AE00099,C0095,O00709,2024-04-25 00:36:00,Payment_Retry,S33955,Android,Riverside,138,1,2024-04,0,0,0
AE00100,C0312,Not Linked,2024-05-29 17:36:00,Chat_Escalated,S86296,Android,Airport,137,0,2024-05,17,1,0
AE00101,C0149,Not Linked,2025-08-08 19:08:00,Cancel_Attempt,S34862,Web,Central,618,1,2025-08,19,0,1
AE00102,C0272,O01227,2025-05-13 09:40:00,Chat_Escalated,S62522,Android,East,982,1,2025-05,9,0,1
AE00103,C0306,O00114,2025-10-02 10:34:00,Payment_Retry,S19712,Web,North,551,1,2025-10,10,0,0
AE00104,C0429,O00170,2024-03-19 16:37:00,Chat_Opened,S25315,Android,Riverside,649,1,2024-03,16,0,1
AE00105,C0540,O00428,2024-05-28 05:14:00,Cancel_Attempt,S64900,Ios,Riverside,153,1,2024-05,5,0,0
AE00106,C0360,O01144,2025-01-25 13:47:00,Search_Route,S96181,Android,South,216,1,2025-01,13,0,0
AE00107,C0081,O00858,2024-01-24 03:08:00,Chat_Escalated,S34476,Android,North,449,0,2024-01,3,1,0
AE00108,C0307,Not Linked,2024-11-27 16:15:00,Eta_Refresh,S13993,Web,Central,1285,1,2024-11,16,0,1
AE00109,C0114,O00393,2024-07-17 12:02:00,Eta_Refresh,S22089,Android,Airport,533,1,2024-07,12,0,0
AE00110,C0382,O00099,2024-07-03 02:04:00,Delivery_Instruction_Update,S87255,Web,Central,209,1,2024-07,2,0,0
AE00111,C0565,O00055,2025-02-06 03:15:00,Cancel_Attempt,S80723,Android,Riverside,219,1,2025-02,3,0,0
AE00112,C0259,O00051,2025-04-24 08:45:00,Search_Route,S67232,Android,Central,602,1,2025-04,8,0,0
AE00113,C0540,O01132,2024-02-27 18:25:00,Search_Route,S21806,Android,West,510,1,2024-02,18,0,0
AE00114,C0135,O00217,2025-06-02 18:48:00,Eta_Refresh,S46677,Ios,West,464,1,2025-06,18,0,0
AE00115,C0012,O00781,2025-12-29 23:12:00,Track_Order,S41963,Ios,North,546,1,2025-12,23,0,0
AE00116,C0237,O00033,2024-07-16 05:19:00,Eta_Refresh,S56150,Ios,Central,422,1,2024-07,5,0,0
AE00117,C0122,O00043,2024-04-11 11:39:00,Track_Order,S18818,Android,North,387,1,2024-04,11,0,0
AE00118,C0459,O00059,2024-07-12 20:41:00,Track_Order,S52877,Android,North,629,1,2024-07,20,0,1
AE00119,C0153,O00021,2024-01-13 16:25:00,Track_Order,S89481,Web,North,628,1,2024-01,16,0,1
AE00120,C0429,O00367,2024-08-09 08:11:00,Delivery_Instruction_Update,S53741,Android,Central,1218,1,2024-08,8,0,1
AE00121,C0451,O00857,2025-09-30 03:14:00,Payment_Retry,S19782,Android,West,862,0,2025-09,3,1,1
AE00122,C0178,O00979,2025-07-16 15:36:00,Eta_Refresh,S68778,Ios,East,312,1,2025-07,15,0,0
AE00123,C0250,O00011,2024-11-15 06:53:00,Payment_Retry,S15600,Android,Central,1558,1,2024-11,6,0,1
AE00124,C0348,Not Linked,2025-03-06 23:34:00,Eta_Refresh,S29360,Android,East,537,1,2025-03,23,0,0
AE00125,C0430,O01083,2025-06-22 18:22:00,Delivery_Instruction_Update,S35887,Android,South,510,1,2025-06,18,0,0
AE00126,C0343,O00847,2024-12-13 22:02:00,Eta_Refresh,S81938,Ios,Central,433,1,2024-12,22,0,0
AE00127,C0135,O01205,2025-11-12 01:05:00,Track_Order,S33676,Web,West,299,1,2025-11,1,0,0
AE00128,C0139,Not Linked,2025-03-21 11:03:00,Chat_Opened,S89566,Android,Riverside,302,1,2025-03,11,0,0
AE00129,C0234,O01211,2024-08-28 20:20:00,Search_Route,S11783,Android,South,304,1,2024-08,20,0,0
AE00130,C0499,O00863,2024-01-12 22:22:00,Delivery_Instruction_Update,S63325,Android,East,286,1,2024-01,22,0,0
AE00131,C0344,O00395,2025-12-09 05:51:00,Eta_Refresh,S40076,Android,East,751,1,2025-12,5,0,1
AE00132,C0504,O00741,2024-04-30 13:14:00,Chat_Opened,S11696,Android,West,375,1,2024-04,13,0,0
AE00133,C0119,Not Linked,2025-10-13 19:59:00,Eta_Refresh,S63204,Android,West,512,1,2025-10,19,0,0
AE00134,C0074,O00216,2024-12-31 16:38:00,Eta_Refresh,S31994,Android,Airport,368,1,2024-12,16,0,0
AE00135,C0447,O00395,2025-05-03 11:11:00,Chat_Opened,S28174,Ios,East,418,1,2025-05,11,0,0
AE00136,C0324,Not Linked,2025-09-05 10:01:00,Payment_Retry,S41186,Android,East,491,1,2025-09,10,0,0
AE00137,C0318,O00669,2024-07-19 21:36:00,Search_Route,S42305,Android,North,289,1,2024-07,21,0,0
AE00138,C0495,O00863,2024-07-04 03:28:00,Delivery_Instruction_Update,S41862,Ios,South,641,1,2024-07,3,0,1
AE00139,C0589,O01195,2024-04-06 09:08:00,Track_Order,S18650,Ios,South,263,1,2024-04,9,0,0
AE00140,C0026,O00312,2024-07-30 22:16:00,Track_Order,S35078,Ios,West,639,1,2024-07,22,0,1
AE00141,C0644,O00956,2024-07-21 16:03:00,Track_Order,S51247,Android,Central,901,1,2024-07,16,0,1
AE00142,C0005,O00103,2024-04-18 04:39:00,Track_Order,S33250,Android,West,187,1,2024-04,4,0,0
AE00143,C0025,O00124,2024-07-18 18:59:00,Cancel_Attempt,S88076,Android,Airport,1039,1,2024-07,18,0,1
AE00144,C0347,O00708,2024-10-08 10:04:00,Eta_Refresh,S80449,Android,North,648,1,2024-10,10,0,1
AE00145,C0062,O01049,2024-08-31 23:03:00,Delivery_Instruction_Update,S88111,Ios,Central,159,1,2024-08,23,0,0
AE00146,C0228,O00311,2025-08-02 23:18:00,Track_Order,S69169,Android,North,275,1,2025-08,23,0,0
AE00147,C0128,O00020,2024-09-28 14:16:00,Track_Order,S54633,Ios,Central,836,1,2024-09,14,0,1
AE00148,C0634,Not Linked,2025-07-16 13:16:00,Track_Order,S69151,Android,Airport,263,1,2025-07,13,0,0
AE00149,C0236,O00733,2024-03-04 12:19:00,Delivery_Instruction_Update,S97668,Android,East,191,1,2024-03,12,0,0
AE00150,C0207,O00017,2025-12-02 08:49:00,Cancel_Attempt,S30266,Android,South,118,1,2025-12,8,0,0
AE00151,C0472,O00129,2024-11-24 20:48:00,Search_Route,S28386,Android,Airport,1035,1,2024-11,20,0,1
AE00152,C0134,O00890,2025-10-28 12:42:00,Payment_Retry,S79279,Ios,East,609,1,2025-10,12,0,1
AE00153,C0540,Not Linked,2024-10-28 03:03:00,Search_Route,S92690,Android,Central,360,1,2024-10,3,0,0
AE00154,C0096,O00813,2025-04-03 00:09:00,Track_Order,S26942,Ios,Riverside,187,1,2025-04,0,0,0
AE00155,C0256,O01136,2025-06-19 05:14:00,Search_Route,S78880,Ios,East,780,1,2025-06,5,0,1
AE00156,C0004,O00998,2025-05-12 19:56:00,Chat_Opened,S19094,Android,North,618,1,2025-05,19,0,1
AE00157,C0568,O01041,2025-07-05 07:53:00,Chat_Opened,S94050,Android,East,669,1,2025-07,7,0,1
AE00158,C0444,O00239,2024-05-01 10:17:00,Track_Order,S64444,Android,South,558,1,2024-05,10,0,0
AE00159,C0057,O01073,2025-10-10 01:20:00,Search_Route,S80676,Android,South,100,1,2025-10,1,0,0
AE00160,C0351,Not Linked,2025-09-12 22:47:00,Chat_Opened,S51613,Android,Central,264,1,2025-09,22,0,0
AE00161,C0308,O00031,2024-06-16 16:40:00,Search_Route,S73430,Ios,East,635,1,2024-06,16,0,1
AE00162,C0277,Not Linked,2024-10-19 12:25:00,Cancel_Attempt,S90878,Ios,Riverside,477,1,2024-10,12,0,0
AE00163,C0159,O00703,2025-05-30 03:46:00,Search_Route,S29863,Android,South,586,1,2025-05,3,0,0
AE00164,C0028,O00547,2025-10-13 18:52:00,Eta_Refresh,S21845,Android,West,330,1,2025-10,18,0,0
AE00165,C0211,O01203,2024-11-20 00:04:00,Track_Order,S42312,Ios,West,141,1,2024-11,0,0,0
AE00166,C0152,Not Linked,2024-08-21 15:08:00,Chat_Escalated,S45482,Ios,South,60,1,2024-08,15,0,0
AE00167,C0327,Not Linked,2024-05-24 08:39:00,Track_Order,S97782,Android,Central,450,1,2024-05,8,0,0
AE00168,C0428,O00991,2024-11-13 12:22:00,Track_Order,S94225,Android,Central,160,1,2024-11,12,0,0
AE00169,C0236,O01007,2025-09-20 00:31:00,Payment_Retry,S31565,Android,Airport,252,1,2025-09,0,0,0
AE00170,C0602,Not Linked,2025-05-24 11:07:00,Track_Order,S40147,Ios,West,642,1,2025-05,11,0,1
AE00171,C0219,Not Linked,2024-12-05 01:18:00,Chat_Opened,S45451,Ios,Airport,659,1,2024-12,1,0,1
AE00172,C0636,Not Linked,2024-10-27 02:36:00,Eta_Refresh,S15954,Ios,West,564,1,2024-10,2,0,0
AE00173,C0604,O00323,2024-05-12 11:14:00,Eta_Refresh,S59591,Web,West,772,1,2024-05,11,0,1
AE00174,C0516,Not Linked,2024-10-17 18:43:00,Track_Order,S79217,Ios,West,418,1,2024-10,18,0,0
AE00175,C0027,O00040,2025-03-22 09:30:00,Chat_Opened,S27542,Ios,North,828,1,2025-03,9,0,1
AE00176,C0443,O00475,2025-04-19 23:45:00,Track_Order,S99435,Ios,East,530,1,2025-04,23,0,0
AE00177,C0431,Not Linked,2025-10-20 04:30:00,Chat_Opened,S90018,Android,Airport,338,1,2025-10,4,0,0
AE00178,C0022,Not Linked,2024-05-23 05:09:00,Delivery_Instruction_Update,S15462,Android,East,186,1,2024-05,5,0,0
AE00179,C0634,O00605,2024-04-20 23:19:00,Delivery_Instruction_Update,S52206,Android,North,231,1,2024-04,23,0,0
AE00180,C0003,O00599,2024-04-05 22:39:00,Cancel_Attempt,S48720,Android,Airport,282,1,2024-04,22,0,0
AE00181,C0602,Not Linked,2024-08-15 12:23:00,Chat_Opened,S38965,Ios,East,413,1,2024-08,12,0,0
AE00182,C0438,O01213,2025-04-26 09:51:00,Eta_Refresh,S29723,Android,West,328,1,2025-04,9,0,0
AE00183,C0227,Not Linked,2024-04-07 12:16:00,Payment_Retry,S65322,Ios,Riverside,76,1,2024-04,12,0,0
AE00184,C0383,O00290,2025-06-28 12:11:00,Eta_Refresh,S10919,Android,Airport,673,1,2025-06,12,0,1
AE00185,C0540,O00636,2024-01-01 04:02:00,Payment_Retry,S50299,Web,East,550,1,2024-01,4,0,0
AE00186,C0297,O00033,2024-01-09 21:50:00,Delivery_Instruction_Update,S98196,Web,Airport,811,1,2024-01,21,0,1
AE00187,C0500,Not Linked,2024-04-03 04:53:00,Track_Order,S84399,Ios,Riverside,516,1,2024-04,4,0,0
AE00188,C0576,Not Linked,2025-03-10 15:20:00,Chat_Opened,S72332,Ios,South,376,1,2025-03,15,0,0
AE00189,C0491,O00686,2024-08-03 12:43:00,Chat_Opened,S98299,Ios,Central,320,1,2024-08,12,0,0
AE00190,C0006,O00220,2024-12-25 13:57:00,Track_Order,S89254,Web,West,407,1,2024-12,13,0,0
AE00191,C0559,O00582,2024-03-06 18:13:00,Search_Route,S57395,Android,Central,304,1,2024-03,18,0,0
AE00192,C0415,O00091,2025-04-04 13:39:00,Eta_Refresh,S25456,Web,Riverside,238,1,2025-04,13,0,0
AE00193,C0558,O00320,2024-08-10 19:31:00,Payment_Retry,S70607,Ios,Airport,1701,1,2024-08,19,0,1
AE00194,C0502,Not Linked,2025-04-13 13:31:00,Track_Order,S92171,Web,Riverside,291,1,2025-04,13,0,0
AE00195,C0182,O00489,2024-02-12 12:39:00,Track_Order,S88300,Ios,Riverside,553,1,2024-02,12,0,0
AE00196,C0308,O01227,2024-07-18 11:53:00,Payment_Retry,S74695,Ios,Airport,280,0,2024-07,11,1,0
AE00197,C0287,Not Linked,2024-01-05 09:57:00,Track_Order,S12792,Ios,South,222,1,2024-01,9,0,0
AE00198,C0229,Not Linked,2025-11-10 12:31:00,Payment_Retry,S61126,Ios,Riverside,321,1,2025-11,12,0,0
AE00199,C0458,O00502,2025-03-05 09:23:00,Track_Order,S54839,Android,East,794,1,2025-03,9,0,1
AE00200,C0422,O00420,2025-11-13 01:11:00,Eta_Refresh,S20454,Android,Riverside,574,1,2025-11,1,0,0
AE00201,C0139,O00783,2024-08-12 08:07:00,Eta_Refresh,S79498,Android,West,60,1,2024-08,8,0,0
AE00202,C0190,O00008,2024-12-31 22:36:00,Track_Order,S46827,Android,Riverside,747,1,2024-12,22,0,1
AE00203,C0050,O01110,2024-11-28 23:16:00,Eta_Refresh,S88874,Ios,North,792,1,2024-11,23,0,1
AE00204,C0370,O00390,2025-10-21 12:12:00,Search_Route,S14150,Ios,Airport,414,1,2025-10,12,0,0
AE00205,C0565,O01188,2025-12-02 17:43:00,Search_Route,S65549,Ios,West,521,1,2025-12,17,0,0
AE00206,C0540,O00860,2025-08-10 13:22:00,Track_Order,S41049,Ios,Central,423,1,2025-08,13,0,0
AE00207,C0611,O00360,2025-09-30 05:26:00,Track_Order,S85216,Ios,North,443,1,2025-09,5,0,0
AE00208,C0492,O00439,2024-07-18 08:06:00,Delivery_Instruction_Update,S14892,Ios,East,729,1,2024-07,8,0,1
AE00209,C0311,O00549,2025-06-25 21:11:00,Search_Route,S69288,Ios,East,479,1,2025-06,21,0,0
AE00210,C0066,O00764,2025-10-17 10:22:00,Track_Order,S97799,Android,North,610,1,2025-10,10,0,1
AE00211,C0154,O00597,2025-03-10 18:31:00,Chat_Opened,S23758,Ios,North,273,1,2025-03,18,0,0
AE00212,C0050,O00656,2024-12-09 02:17:00,Chat_Escalated,S30429,Web,Airport,474,0,2024-12,2,1,0
AE00213,C0165,O00825,2025-12-31 01:59:00,Cancel_Attempt,S21498,Android,West,337,1,2025-12,1,0,0
AE00214,C0036,O00929,2024-11-19 16:32:00,Chat_Escalated,S95975,Ios,Central,60,1,2024-11,16,0,0
AE00215,C0408,Not Linked,2024-11-04 12:36:00,Eta_Refresh,S99032,Web,Riverside,753,1,2024-11,12,0,1
AE00216,C0353,O00689,2025-02-15 06:05:00,Track_Order,S56502,Android,West,193,1,2025-02,6,0,0
AE00217,C0489,O00452,2024-04-22 18:38:00,Track_Order,S41923,Ios,East,523,1,2024-04,18,0,0
AE00218,C0638,O00997,2024-07-11 07:41:00,Search_Route,S93085,Android,Airport,137,1,2024-07,7,0,0
AE00219,C0495,O00473,2024-11-06 10:57:00,Cancel_Attempt,S46630,Ios,Central,371,1,2024-11,10,0,0
AE00220,C0469,O00413,2025-10-02 15:05:00,Search_Route,S61687,Ios,Airport,1046,1,2025-10,15,0,1
AE00221,C0309,O01074,2025-08-16 01:12:00,Delivery_Instruction_Update,S93181,Android,West,584,1,2025-08,1,0,0
AE00222,C0511,O00539,2024-09-13 09:38:00,Search_Route,S16455,Android,West,606,1,2024-09,9,0,0
AE00223,C0506,Not Linked,2025-01-05 02:35:00,Eta_Refresh,S19581,Android,Riverside,717,1,2025-01,2,0,1
AE00224,C0611,Not Linked,2025-12-03 15:48:00,Chat_Escalated,S69785,Android,North,433,1,2025-12,15,0,0
AE00225,C0105,O00659,2025-07-03 18:05:00,Search_Route,S69038,Android,South,401,1,2025-07,18,0,0
AE00226,C0259,O00918,2025-07-10 21:37:00,Track_Order,S12105,Android,Central,581,1,2025-07,21,0,0
AE00227,C0194,O00918,2024-06-11 02:54:00,Delivery_Instruction_Update,S26318,Ios,Riverside,241,1,2024-06,2,0,0
AE00228,C0220,O01213,2024-03-18 10:58:00,Track_Order,S31464,Android,North,261,1,2024-03,10,0,0
AE00229,C0392,O00450,2024-01-29 03:08:00,Track_Order,S32859,Ios,Riverside,484,1,2024-01,3,0,0
AE00230,C0467,O00698,2025-06-02 00:55:00,Payment_Retry,S79237,Web,West,368,1,2025-06,0,0,0
AE00231,C0375,O00188,2024-02-28 00:09:00,Chat_Opened,S62538,Ios,Riverside,394,1,2024-02,0,0,0
AE00232,C0475,O00336,2025-06-10 10:39:00,Chat_Opened,S19410,Ios,North,614,1,2025-06,10,0,1
AE00233,C0144,O00990,2025-09-06 23:35:00,Search_Route,S25207,Web,South,440,1,2025-09,23,0,0
AE00234,C0447,O00068,2025-05-16 04:24:00,Search_Route,S16617,Ios,Central,718,1,2025-05,4,0,1
AE00235,C0102,O00065,2024-07-28 16:08:00,Track_Order,S32192,Android,East,531,1,2024-07,16,0,0
AE00236,C0215,O00722,2024-08-23 22:05:00,Payment_Retry,S66874,Ios,Airport,478,1,2024-08,22,0,0
AE00237,C0375,O00581,2024-05-26 13:58:00,Eta_Refresh,S75980,Android,East,339,1,2024-05,13,0,0
AE00238,C0611,O00098,2024-10-30 02:43:00,Delivery_Instruction_Update,S27480,Web,Airport,321,1,2024-10,2,0,0
AE00239,C0291,O00746,2025-03-15 03:20:00,Chat_Escalated,S83143,Ios,Riverside,215,1,2025-03,3,0,0
AE00240,C0109,O00771,2025-12-08 03:46:00,Chat_Opened,S68728,Android,Central,895,1,2025-12,3,0,1
AE00241,C0024,O00814,2024-06-28 06:51:00,Chat_Opened,S22478,Ios,Riverside,624,1,2024-06,6,0,1
AE00242,C0070,O00627,2024-04-18 10:54:00,Delivery_Instruction_Update,S59972,Ios,Central,792,1,2024-04,10,0,1
AE00243,C0217,O00878,2024-07-05 13:59:00,Chat_Opened,S89574,Android,North,646,1,2024-07,13,0,1
AE00244,C0355,O01236,2024-02-17 00:42:00,Chat_Escalated,S49312,Android,East,487,0,2024-02,0,1,0
AE00245,C0159,O00570,2025-06-25 22:42:00,Search_Route,S22380,Web,South,757,1,2025-06,22,0,1
AE00246,C0173,O00188,2025-09-26 08:26:00,Search_Route,S73690,Ios,East,490,1,2025-09,8,0,0
AE00247,C0056,Not Linked,2025-05-04 18:58:00,Delivery_Instruction_Update,S49126,Android,East,734,1,2025-05,18,0,1
AE00248,C0558,O01118,2024-02-14 07:02:00,Payment_Retry,S95292,Ios,Riverside,488,1,2024-02,7,0,0
AE00249,C0120,Not Linked,2025-10-20 11:10:00,Payment_Retry,S60781,Android,South,591,0,2025-10,11,1,0
AE00250,C0409,Not Linked,2024-03-20 14:32:00,Delivery_Instruction_Update,S80264,Web,Riverside,553,1,2024-03,14,0,0
AE00251,C0623,O00162,2024-02-16 23:07:00,Payment_Retry,S96369,Android,Central,375,1,2024-02,23,0,0
AE00252,C0202,O00936,2024-04-24 05:08:00,Track_Order,S97343,Ios,Airport,278,1,2024-04,5,0,0
AE00253,C0485,O01098,2025-12-13 20:05:00,Chat_Escalated,S76383,Android,West,799,1,2025-12,20,0,1
AE00254,C0419,O00265,2024-03-19 05:42:00,Track_Order,S69799,Ios,East,543,1,2024-03,5,0,0
AE00255,C0563,O00972,2024-04-11 10:46:00,Payment_Retry,S15134,Android,Central,376,1,2024-04,10,0,0
AE00256,C0447,O00220,2025-10-08 16:41:00,Delivery_Instruction_Update,S35671,Android,South,466,1,2025-10,16,0,0
AE00257,C0643,Not Linked,2025-07-16 12:39:00,Eta_Refresh,S34258,Ios,Central,545,1,2025-07,12,0,0
AE00258,C0489,O00812,2025-09-24 21:15:00,Payment_Retry,S53794,Web,Riverside,60,0,2025-09,21,1,0
AE00259,C0055,O01208,2025-06-21 16:57:00,Delivery_Instruction_Update,S66374,Ios,West,247,1,2025-06,16,0,0
AE00260,C0109,O00932,2024-10-25 12:28:00,Cancel_Attempt,S74608,Web,Airport,350,1,2024-10,12,0,0
AE00261,C0433,O00167,2025-02-10 10:12:00,Search_Route,S51615,Android,Riverside,236,1,2025-02,10,0,0
AE00262,C0079,O00532,2024-12-21 16:48:00,Search_Route,S78668,Web,East,392,1,2024-12,16,0,0
AE00263,C0330,O01163,2024-02-14 18:08:00,Track_Order,S98156,Web,Riverside,60,1,2024-02,18,0,0
AE00264,C0134,Not Linked,2024-02-25 19:03:00,Track_Order,S46151,Ios,West,60,1,2024-02,19,0,0
AE00265,C0192,O01137,2024-11-06 03:00:00,Chat_Opened,S53981,Android,Central,1240,1,2024-11,3,0,1
AE00266,C0378,O00856,2024-12-12 10:44:00,Search_Route,S22322,Android,Airport,536,1,2024-12,10,0,0
AE00267,C0473,Not Linked,2024-09-19 05:09:00,Eta_Refresh,S55731,Ios,Riverside,542,1,2024-09,5,0,0
AE00268,C0377,O01202,2024-05-04 16:58:00,Eta_Refresh,S22564,Ios,West,429,1,2024-05,16,0,0
AE00269,C0325,O00863,2025-08-15 22:29:00,Delivery_Instruction_Update,S64498,Android,Riverside,304,1,2025-08,22,0,0
AE00270,C0578,O00326,2025-09-09 01:15:00,Chat_Opened,S29661,Android,Airport,503,1,2025-09,1,0,0
AE00271,C0322,O01193,2025-10-19 21:23:00,Search_Route,S43982,Web,North,627,1,2025-10,21,0,1
AE00272,C0338,O01203,2025-03-02 04:57:00,Eta_Refresh,S33897,Ios,East,190,1,2025-03,4,0,0
AE00273,C0433,O01067,2024-05-28 05:11:00,Track_Order,S48118,Web,Riverside,134,1,2024-05,5,0,0
AE00274,C0049,O01167,2025-09-27 15:25:00,Track_Order,S94086,Android,Riverside,495,1,2025-09,15,0,0
AE00275,C0485,O00676,2024-06-12 17:54:00,Delivery_Instruction_Update,S57005,Android,North,279,1,2024-06,17,0,0
AE00276,C0111,O01221,2025-01-21 11:43:00,Search_Route,S73488,Android,South,300,1,2025-01,11,0,0
AE00277,C0580,O00409,2024-12-26 15:48:00,Payment_Retry,S59602,Android,West,552,0,2024-12,15,1,0
AE00278,C0337,O01073,2024-11-12 03:16:00,Chat_Opened,S88214,Android,Central,421,1,2024-11,3,0,0
AE00279,C0112,O01215,2025-02-20 21:24:00,Track_Order,S90848,Android,North,582,1,2025-02,21,0,0
AE00280,C0456,O00907,2025-12-31 18:05:00,Track_Order,S12463,Ios,North,251,1,2025-12,18,0,0
AE00281,C0310,O00397,2024-03-06 12:05:00,Search_Route,S39460,Android,South,457,1,2024-03,12,0,0
AE00282,C0234,Not Linked,2024-08-08 19:03:00,Chat_Opened,S29738,Ios,West,1007,1,2024-08,19,0,1
AE00283,C0589,O00589,2024-09-19 14:25:00,Payment_Retry,S32645,Android,South,362,1,2024-09,14,0,0
AE00284,C0604,O00371,2025-10-26 11:28:00,Search_Route,S76025,Android,East,60,1,2025-10,11,0,0
AE00285,C0440,O00539,2025-12-25 16:11:00,Search_Route,S17327,Ios,Airport,414,1,2025-12,16,0,0
AE00286,C0358,Not Linked,2024-02-18 07:54:00,Search_Route,S60811,Ios,Central,364,1,2024-02,7,0,0
AE00287,C0573,O00074,2024-05-02 05:45:00,Search_Route,S30431,Android,East,571,1,2024-05,5,0,0
AE00288,C0273,O00480,2025-07-21 17:12:00,Cancel_Attempt,S63671,Android,North,60,1,2025-07,17,0,0
AE00289,C0207,O00654,2024-03-02 10:12:00,Payment_Retry,S19707,Android,Riverside,343,1,2024-03,10,0,0
AE00290,C0399,O00951,2025-08-01 22:46:00,Delivery_Instruction_Update,S84446,Android,East,457,1,2025-08,22,0,0
AE00291,C0312,O00330,2024-12-17 21:44:00,Track_Order,S95883,Android,West,405,1,2024-12,21,0,0
AE00292,C0520,O00929,2025-10-16 23:21:00,Eta_Refresh,S72274,Ios,North,60,1,2025-10,23,0,0
AE00293,C0073,O00609,2024-07-10 13:17:00,Chat_Escalated,S78813,Android,West,1074,1,2024-07,13,0,1
AE00294,C0492,O00876,2025-11-27 02:21:00,Track_Order,S33068,Android,West,405,1,2025-11,2,0,0
AE00295,C0449,O01002,2025-03-30 00:14:00,Payment_Retry,S13138,Android,West,246,1,2025-03,0,0,0
AE00296,C0471,O00635,2025-06-30 16:35:00,Eta_Refresh,S10325,Android,Riverside,187,1,2025-06,16,0,0
AE00297,C0411,O01163,2025-03-25 01:02:00,Payment_Retry,S30130,Ios,Central,565,1,2025-03,1,0,0
AE00298,C0107,O01189,2025-06-14 12:47:00,Track_Order,S71004,Ios,East,78,1,2025-06,12,0,0
AE00299,C0451,Not Linked,2025-03-27 21:53:00,Eta_Refresh,S92082,Web,South,529,1,2025-03,21,0,0
AE00300,C0014,O00867,2024-08-16 00:18:00,Eta_Refresh,S10509,Android,North,214,1,2024-08,0,0,0
AE00301,C0503,Not Linked,2024-04-15 18:05:00,Eta_Refresh,S91821,Ios,North,294,1,2024-04,18,0,0
AE00302,C0555,O00728,2025-03-31 12:56:00,Chat_Opened,S23029,Web,North,692,1,2025-03,12,0,1
AE00303,C0274,O00142,2025-01-01 07:52:00,Cancel_Attempt,S47090,Web,South,233,1,2025-01,7,0,0
AE00304,C0401,O00211,2025-10-25 04:43:00,Search_Route,S24776,Web,North,324,1,2025-10,4,0,0
AE00305,C0428,O00667,2024-02-12 16:22:00,Eta_Refresh,S55317,Ios,East,226,1,2024-02,16,0,0
AE00306,C0401,O00753,2024-08-28 19:44:00,Chat_Escalated,S68086,Ios,East,265,1,2024-08,19,0,0
AE00307,C0173,O00956,2025-01-09 16:55:00,Chat_Escalated,S58130,Android,Central,270,0,2025-01,16,1,0
AE00308,C0182,O00880,2025-04-01 08:58:00,Eta_Refresh,S58033,Ios,Central,535,1,2025-04,8,0,0
AE00309,C0169,O01161,2024-12-15 06:35:00,Delivery_Instruction_Update,S21517,Android,West,295,1,2024-12,6,0,0
AE00310,C0229,O01161,2025-09-25 04:08:00,Chat_Opened,S21891,Ios,West,206,1,2025-09,4,0,0
AE00311,C0312,Not Linked,2024-08-26 16:45:00,Chat_Escalated,S51997,Ios,West,243,1,2024-08,16,0,0
AE00312,C0517,Not Linked,2025-11-26 03:53:00,Eta_Refresh,S16386,Android,Riverside,512,1,2025-11,3,0,0
AE00313,C0337,O00032,2025-11-18 21:27:00,Track_Order,S88456,Android,West,400,1,2025-11,21,0,0
AE00314,C0047,O00755,2024-12-20 19:40:00,Cancel_Attempt,S71075,Ios,South,579,1,2024-12,19,0,0
AE00315,C0137,O00044,2025-02-13 08:27:00,Delivery_Instruction_Update,S89689,Android,West,296,1,2025-02,8,0,0
AE00316,C0304,O01244,2025-02-17 13:00:00,Eta_Refresh,S25067,Android,Airport,440,1,2025-02,13,0,0
AE00317,C0014,O00912,2025-05-03 14:40:00,Track_Order,S67860,Web,Riverside,584,1,2025-05,14,0,0
AE00318,C0031,O00212,2024-01-01 15:57:00,Track_Order,S16209,Ios,Airport,668,1,2024-01,15,0,1
AE00319,C0330,Not Linked,2025-08-10 16:14:00,Track_Order,S94639,Android,North,231,1,2025-08,16,0,0
AE00320,C0244,O00884,2024-10-29 23:06:00,Chat_Opened,S67074,Android,North,60,1,2024-10,23,0,0
AE00321,C0239,O00437,2024-02-01 21:51:00,Search_Route,S46797,Ios,Riverside,356,1,2024-02,21,0,0
AE00322,C0481,O00344,2024-01-26 21:37:00,Eta_Refresh,S17051,Android,Riverside,147,1,2024-01,21,0,0
AE00323,C0648,O01237,2025-03-11 03:52:00,Payment_Retry,S20836,Ios,Central,752,0,2025-03,3,1,1
AE00324,C0078,O00721,2025-05-22 15:38:00,Eta_Refresh,S34536,Web,East,310,1,2025-05,15,0,0
AE00325,C0479,O00062,2024-06-29 12:26:00,Eta_Refresh,S70624,Android,North,180,1,2024-06,12,0,0
AE00326,C0518,O00946,2025-07-01 13:21:00,Track_Order,S29534,Ios,Airport,202,1,2025-07,13,0,0
AE00327,C0186,O00341,2024-02-13 16:18:00,Search_Route,S92655,Web,Central,311,1,2024-02,16,0,0
AE00328,C0517,Not Linked,2024-12-05 05:55:00,Track_Order,S81197,Android,North,76,1,2024-12,5,0,0
AE00329,C0172,O00193,2024-08-21 13:52:00,Track_Order,S67439,Android,Airport,387,1,2024-08,13,0,0
AE00330,C0479,O00220,2024-06-04 23:57:00,Payment_Retry,S57427,Web,Airport,577,1,2024-06,23,0,0
AE00331,C0227,Not Linked,2024-09-28 03:50:00,Eta_Refresh,S87401,Web,South,731,1,2024-09,3,0,1
AE00332,C0247,O00391,2024-04-23 06:44:00,Chat_Opened,S99938,Android,West,409,1,2024-04,6,0,0
AE00333,C0138,O00453,2024-05-05 18:40:00,Chat_Opened,S20673,Ios,North,944,1,2024-05,18,0,1
AE00334,C0274,Not Linked,2025-03-15 01:52:00,Track_Order,S60524,Web,Central,313,1,2025-03,1,0,0
AE00335,C0520,O00499,2025-08-01 01:29:00,Chat_Opened,S97260,Ios,East,389,1,2025-08,1,0,0
AE00336,C0467,Not Linked,2025-01-20 01:08:00,Payment_Retry,S49538,Web,East,468,1,2025-01,1,0,0
AE00337,C0529,O00319,2025-05-19 05:31:00,Search_Route,S60782,Ios,Airport,385,1,2025-05,5,0,0
AE00338,C0257,O00890,2024-08-01 09:26:00,Payment_Retry,S92069,Android,South,523,1,2024-08,9,0,0
AE00339,C0316,Not Linked,2025-06-04 13:22:00,Search_Route,S71556,Ios,Airport,590,1,2025-06,13,0,0
AE00340,C0330,O00762,2024-06-11 14:01:00,Track_Order,S97505,Ios,East,444,1,2024-06,14,0,0
AE00341,C0537,O01121,2025-06-24 07:43:00,Chat_Opened,S44241,Ios,Riverside,527,1,2025-06,7,0,0
AE00342,C0245,O00134,2025-02-26 11:20:00,Delivery_Instruction_Update,S34258,Android,West,897,1,2025-02,11,0,1
AE00343,C0113,Not Linked,2025-03-18 08:14:00,Eta_Refresh,S30321,Android,Central,595,1,2025-03,8,0,0
AE00344,C0429,Not Linked,2024-05-14 09:28:00,Chat_Escalated,S24008,Web,Central,998,0,2024-05,9,1,1
AE00345,C0535,O01106,2025-10-25 23:21:00,Track_Order,S27492,Ios,North,425,1,2025-10,23,0,0
AE00346,C0367,O00864,2025-07-24 12:46:00,Track_Order,S85123,Android,East,466,1,2025-07,12,0,0
AE00347,C0198,Not Linked,2024-11-19 11:28:00,Track_Order,S52660,Web,South,632,1,2024-11,11,0,1
AE00348,C0470,O00950,2025-05-06 06:45:00,Chat_Opened,S12702,Android,Central,73,1,2025-05,6,0,0
AE00349,C0568,O00258,2025-07-01 01:46:00,Search_Route,S68625,Android,Central,599,1,2025-07,1,0,0
AE00350,C0440,O00649,2024-07-11 13:26:00,Chat_Escalated,S55047,Web,Riverside,431,1,2024-07,13,0,0
AE00351,C0374,Not Linked,2024-08-10 14:40:00,Chat_Opened,S77770,Ios,Riverside,665,1,2024-08,14,0,1
AE00352,C0372,O01052,2025-07-04 15:37:00,Payment_Retry,S40310,Android,East,339,0,2025-07,15,1,0
AE00353,C0467,O01164,2025-06-19 03:46:00,Track_Order,S84118,Web,Airport,1240,1,2025-06,3,0,1
AE00354,C0240,O00522,2025-12-31 09:17:00,Payment_Retry,S88059,Ios,Airport,224,1,2025-12,9,0,0
AE00355,C0024,O00498,2025-09-05 07:19:00,Eta_Refresh,S50272,Web,Central,162,1,2025-09,7,0,0
AE00356,C0188,Not Linked,2025-06-02 05:26:00,Delivery_Instruction_Update,S19198,Android,Airport,439,1,2025-06,5,0,0
AE00357,C0237,O00715,2024-03-31 09:46:00,Track_Order,S58207,Android,West,155,1,2024-03,9,0,0
AE00358,C0150,Not Linked,2025-09-15 07:41:00,Cancel_Attempt,S49398,Ios,West,436,1,2025-09,7,0,0
AE00359,C0246,O00285,2025-07-20 17:10:00,Chat_Opened,S75742,Android,North,421,1,2025-07,17,0,0
AE00360,C0494,Not Linked,2024-08-24 23:13:00,Search_Route,S90549,Android,South,546,1,2024-08,23,0,0
AE00361,C0107,O01138,2024-08-11 22:50:00,Chat_Opened,S52326,Android,Airport,1690,1,2024-08,22,0,1
AE00362,C0110,O00472,2025-05-18 06:34:00,Cancel_Attempt,S41990,Android,Central,712,1,2025-05,6,0,1
AE00363,C0502,Not Linked,2024-05-27 09:15:00,Eta_Refresh,S13723,Ios,West,314,1,2024-05,9,0,0
AE00364,C0442,O00437,2025-12-28 12:16:00,Chat_Opened,S62470,Android,West,191,1,2025-12,12,0,0
AE00365,C0495,Not Linked,2024-05-26 00:06:00,Track_Order,S52410,Web,South,345,1,2024-05,0,0,0
AE00366,C0303,O00876,2025-02-12 17:14:00,Track_Order,S28427,Ios,East,374,1,2025-02,17,0,0
AE00367,C0422,Not Linked,2025-12-09 08:52:00,Payment_Retry,S64636,Ios,Riverside,250,0,2025-12,8,1,0
AE00368,C0198,O00108,2024-05-13 12:41:00,Eta_Refresh,S81518,Ios,South,690,1,2024-05,12,0,1
AE00369,C0233,O00056,2025-07-03 19:28:00,Payment_Retry,S64693,Android,South,767,1,2025-07,19,0,1
AE00370,C0143,O00349,2025-11-04 05:48:00,Track_Order,S81391,Android,South,248,1,2025-11,5,0,0
AE00371,C0465,O00120,2025-09-02 04:20:00,Delivery_Instruction_Update,S69933,Android,South,567,1,2025-09,4,0,0
AE00372,C0031,O01153,2025-01-11 08:26:00,Chat_Escalated,S31367,Android,North,421,0,2025-01,8,1,0
AE00373,C0428,O00887,2024-06-05 00:55:00,Eta_Refresh,S30198,Web,Airport,749,1,2024-06,0,0,1
AE00374,C0235,Not Linked,2025-07-27 14:49:00,Delivery_Instruction_Update,S26479,Android,South,446,1,2025-07,14,0,0
AE00375,C0191,O01124,2025-03-22 13:47:00,Delivery_Instruction_Update,S67260,Ios,Riverside,669,1,2025-03,13,0,1
AE00376,C0097,O00348,2025-10-15 06:18:00,Track_Order,S46372,Android,East,337,1,2025-10,6,0,0
AE00377,C0144,O00866,2024-11-14 08:15:00,Eta_Refresh,S75566,Android,South,60,1,2024-11,8,0,0
AE00378,C0528,O01093,2025-07-17 03:13:00,Track_Order,S64607,Ios,Airport,668,1,2025-07,3,0,1
AE00379,C0649,O00517,2024-02-27 15:55:00,Chat_Opened,S53800,Ios,South,301,1,2024-02,15,0,0
AE00380,C0134,O01002,2025-12-21 09:44:00,Eta_Refresh,S23762,Android,Central,60,1,2025-12,9,0,0
AE00381,C0573,O00812,2025-04-17 07:41:00,Eta_Refresh,S64472,Android,East,517,1,2025-04,7,0,0
AE00382,C0361,O01249,2025-11-02 07:29:00,Eta_Refresh,S86079,Ios,Central,428,1,2025-11,7,0,0
AE00383,C0313,O01239,2025-07-08 22:02:00,Chat_Escalated,S25556,Ios,North,534,1,2025-07,22,0,0
AE00384,C0425,O00303,2025-07-13 15:37:00,Payment_Retry,S91940,Android,Airport,265,1,2025-07,15,0,0
AE00385,C0331,O01246,2025-02-23 03:07:00,Delivery_Instruction_Update,S85959,Ios,Riverside,636,1,2025-02,3,0,1
AE00386,C0269,O01127,2025-03-20 05:38:00,Chat_Opened,S72987,Ios,East,436,1,2025-03,5,0,0
AE00387,C0430,Not Linked,2024-12-23 11:44:00,Eta_Refresh,S12449,Android,Central,1103,1,2024-12,11,0,1
AE00388,C0437,Not Linked,2025-07-07 13:49:00,Payment_Retry,S40594,Android,Central,363,1,2025-07,13,0,0
AE00389,C0026,O00884,2024-07-14 21:54:00,Search_Route,S34019,Web,Airport,1265,1,2024-07,21,0,1
AE00390,C0140,Not Linked,2025-06-17 17:49:00,Delivery_Instruction_Update,S39323,Ios,East,324,1,2025-06,17,0,0
AE00391,C0058,Not Linked,2024-06-01 07:38:00,Eta_Refresh,S98672,Web,West,68,1,2024-06,7,0,0
AE00392,C0617,Not Linked,2024-07-25 22:02:00,Chat_Opened,S55184,Android,South,552,1,2024-07,22,0,0
AE00393,C0406,O01209,2025-01-01 09:37:00,Chat_Escalated,S87121,Ios,West,324,1,2025-01,9,0,0
AE00394,C0292,O01005,2025-04-26 09:01:00,Chat_Opened,S35246,Ios,East,267,1,2025-04,9,0,0
AE00395,C0016,O00748,2024-04-30 02:38:00,Search_Route,S79318,Ios,Airport,161,1,2024-04,2,0,0
AE00396,C0564,O00111,2024-01-02 03:02:00,Track_Order,S54033,Web,Airport,1633,1,2024-01,3,0,1
AE00397,C0517,O00180,2024-08-16 20:27:00,Search_Route,S72253,Ios,Airport,676,1,2024-08,20,0,1
AE00398,C0317,Not Linked,2025-04-24 02:57:00,Track_Order,S10823,Android,Riverside,442,1,2025-04,2,0,0
AE00399,C0617,Not Linked,2025-04-03 23:33:00,Search_Route,S59034,Ios,Airport,504,1,2025-04,23,0,0
AE00400,C0256,O01216,2024-10-07 04:49:00,Search_Route,S90819,Ios,North,149,1,2024-10,4,0,0
AE00401,C0401,Not Linked,2025-08-10 10:58:00,Eta_Refresh,S66819,Android,West,692,1,2025-08,10,0,1
AE00402,C0459,O00554,2025-01-15 08:37:00,Track_Order,S46288,Ios,South,655,1,2025-01,8,0,1
AE00403,C0180,O00149,2025-03-19 09:20:00,Payment_Retry,S10192,Android,Central,108,1,2025-03,9,0,0
AE00404,C0121,O01227,2025-04-05 09:01:00,Eta_Refresh,S46724,Ios,Riverside,521,1,2025-04,9,0,0
AE00405,C0534,O00754,2024-10-26 21:19:00,Search_Route,S47493,Android,Airport,391,1,2024-10,21,0,0
AE00406,C0347,Not Linked,2024-04-14 08:45:00,Search_Route,S35157,Web,South,314,1,2024-04,8,0,0
AE00407,C0323,O00442,2025-01-12 17:00:00,Track_Order,S11233,Ios,Riverside,435,1,2025-01,17,0,0
AE00408,C0188,O01142,2024-01-27 06:30:00,Delivery_Instruction_Update,S52727,Android,West,94,1,2024-01,6,0,0
AE00409,C0553,O00968,2025-05-18 14:10:00,Payment_Retry,S15466,Android,South,247,1,2025-05,14,0,0
AE00410,C0377,O00170,2024-08-15 13:48:00,Cancel_Attempt,S21027,Android,Central,556,1,2024-08,13,0,0
AE00411,C0232,O00652,2025-07-11 06:55:00,Eta_Refresh,S54027,Web,West,318,1,2025-07,6,0,0
AE00412,C0005,Not Linked,2025-12-17 03:49:00,Search_Route,S77981,Android,West,363,1,2025-12,3,0,0
AE00413,C0615,O00548,2025-06-30 19:24:00,Chat_Opened,S29100,Web,East,415,1,2025-06,19,0,0
AE00414,C0347,Not Linked,2025-11-27 13:43:00,Delivery_Instruction_Update,S35015,Android,Airport,863,1,2025-11,13,0,1
AE00415,C0073,Not Linked,2025-01-14 07:33:00,Track_Order,S23089,Android,East,189,1,2025-01,7,0,0
AE00416,C0567,Not Linked,2024-12-03 09:17:00,Payment_Retry,S49000,Android,South,377,1,2024-12,9,0,0
AE00417,C0381,O01091,2025-05-26 16:35:00,Payment_Retry,S83880,Android,West,93,0,2025-05,16,1,0
AE00418,C0012,O01122,2025-11-06 16:41:00,Track_Order,S77156,Android,West,489,1,2025-11,16,0,0
AE00419,C0098,Not Linked,2025-12-13 06:08:00,Chat_Escalated,S21703,Ios,South,218,0,2025-12,6,1,0
AE00420,C0292,O00068,2025-07-12 13:05:00,Track_Order,S85103,Android,North,313,1,2025-07,13,0,0
AE00421,C0248,Not Linked,2025-05-29 14:18:00,Payment_Retry,S91752,Web,Riverside,626,1,2025-05,14,0,1
AE00422,C0441,O00626,2024-05-03 17:49:00,Eta_Refresh,S44698,Android,Airport,1148,1,2024-05,17,0,1
AE00423,C0397,Not Linked,2024-08-17 11:02:00,Payment_Retry,S97087,Android,East,417,1,2024-08,11,0,0
AE00424,C0122,O00515,2025-01-30 01:54:00,Track_Order,S63816,Android,Airport,863,1,2025-01,1,0,1
AE00425,C0444,O00651,2025-12-13 07:30:00,Track_Order,S51771,Web,Airport,427,1,2025-12,7,0,0
AE00426,C0232,O00442,2024-01-06 16:17:00,Eta_Refresh,S91627,Android,East,385,1,2024-01,16,0,0
AE00427,C0163,Not Linked,2024-09-11 08:22:00,Delivery_Instruction_Update,S86956,Android,North,336,1,2024-09,8,0,0
AE00428,C0410,Not Linked,2024-03-14 05:03:00,Chat_Opened,S38484,Android,Central,242,1,2024-03,5,0,0
AE00429,C0604,O00119,2025-05-29 18:52:00,Delivery_Instruction_Update,S89816,Ios,Riverside,374,1,2025-05,18,0,0
AE00430,C0293,O00589,2025-02-27 18:39:00,Eta_Refresh,S54890,Android,North,507,1,2025-02,18,0,0
AE00431,C0498,O00890,2024-12-12 02:40:00,Search_Route,S42910,Android,South,840,1,2024-12,2,0,1
AE00432,C0566,Not Linked,2025-08-22 15:42:00,Search_Route,S57637,Android,North,489,1,2025-08,15,0,0
AE00433,C0505,O01229,2024-11-08 11:31:00,Cancel_Attempt,S95338,Web,South,173,1,2024-11,11,0,0
AE00434,C0568,O00624,2024-07-01 20:26:00,Track_Order,S65887,Android,East,572,1,2024-07,20,0,0
AE00435,C0443,Not Linked,2024-09-19 15:35:00,Eta_Refresh,S85198,Android,South,627,1,2024-09,15,0,1
AE00436,C0105,O00400,2024-09-11 01:02:00,Payment_Retry,S32334,Ios,Riverside,607,1,2024-09,1,0,0
AE00437,C0039,O01030,2024-01-22 18:04:00,Payment_Retry,S89304,Ios,West,153,0,2024-01,18,1,0
AE00438,C0141,O00110,2025-06-03 18:59:00,Eta_Refresh,S56257,Android,Riverside,880,1,2025-06,18,0,1
AE00439,C0266,O00694,2025-06-22 20:44:00,Chat_Opened,S88251,Ios,South,442,1,2025-06,20,0,0
AE00440,C0343,O00175,2024-10-10 07:45:00,Eta_Refresh,S65286,Android,East,343,1,2024-10,7,0,0
AE00441,C0410,O00491,2025-02-03 05:01:00,Track_Order,S20334,Android,East,633,1,2025-02,5,0,1
AE00442,C0399,O01089,2024-03-29 12:18:00,Chat_Opened,S61743,Ios,Airport,613,1,2024-03,12,0,1
AE00443,C0352,O00052,2024-06-17 16:24:00,Track_Order,S44595,Web,North,427,1,2024-06,16,0,0
AE00444,C0033,O00457,2025-10-27 22:48:00,Chat_Opened,S80276,Android,Central,444,1,2025-10,22,0,0
AE00445,C0059,O00368,2024-08-28 18:45:00,Search_Route,S64535,Android,East,257,1,2024-08,18,0,0
AE00446,C0363,Not Linked,2024-12-08 21:41:00,Delivery_Instruction_Update,S49168,Ios,South,295,1,2024-12,21,0,0
AE00447,C0482,Not Linked,2024-05-27 00:40:00,Cancel_Attempt,S25973,Android,Airport,427,1,2024-05,0,0,0
AE00448,C0116,O00640,2025-06-03 06:20:00,Payment_Retry,S60860,Web,West,696,1,2025-06,6,0,1
AE00449,C0448,O01046,2025-05-16 16:42:00,Track_Order,S75654,Android,Central,354,1,2025-05,16,0,0
AE00450,C0127,O00569,2024-10-17 16:23:00,Cancel_Attempt,S31505,Android,Riverside,481,1,2024-10,16,0,0
AE00451,C0263,O00397,2024-04-19 20:58:00,Payment_Retry,S48520,Web,North,566,1,2024-04,20,0,0
AE00452,C0328,O01033,2025-10-14 21:53:00,Payment_Retry,S67845,Android,South,865,1,2025-10,21,0,1
AE00453,C0533,O01050,2025-01-07 07:22:00,Eta_Refresh,S27396,Android,South,60,1,2025-01,7,0,0
AE00454,C0319,Not Linked,2024-06-16 07:27:00,Cancel_Attempt,S86441,Android,South,619,1,2024-06,7,0,1
AE00455,C0185,Not Linked,2025-06-15 06:13:00,Delivery_Instruction_Update,S73947,Ios,Riverside,144,1,2025-06,6,0,0
AE00456,C0065,O00468,2025-08-26 00:32:00,Chat_Opened,S41927,Ios,West,445,1,2025-08,0,0,0
AE00457,C0646,Not Linked,2025-04-02 08:36:00,Payment_Retry,S34228,Web,Airport,881,1,2025-04,8,0,1
AE00458,C0227,Not Linked,2024-02-08 23:26:00,Search_Route,S49487,Android,North,606,1,2024-02,23,0,0
AE00459,C0530,O00259,2025-05-01 22:20:00,Eta_Refresh,S39920,Android,Riverside,633,1,2025-05,22,0,1
AE00460,C0207,Not Linked,2025-04-08 18:47:00,Cancel_Attempt,S22911,Ios,Riverside,253,1,2025-04,18,0,0
AE00461,C0338,O00694,2025-01-20 13:17:00,Search_Route,S99353,Android,South,560,1,2025-01,13,0,0
AE00462,C0306,O00871,2024-07-08 17:38:00,Track_Order,S25207,Web,Airport,1403,1,2024-07,17,0,1
AE00463,C0632,O00578,2025-12-12 16:29:00,Search_Route,S67860,Ios,West,459,1,2025-12,16,0,0
AE00464,C0141,Not Linked,2025-06-13 02:18:00,Chat_Opened,S99949,Android,East,498,1,2025-06,2,0,0
AE00465,C0405,O00472,2024-10-14 12:40:00,Payment_Retry,S46496,Android,North,289,1,2024-10,12,0,0
AE00466,C0340,O00877,2025-02-07 04:03:00,Delivery_Instruction_Update,S79340,Ios,North,741,1,2025-02,4,0,1
AE00467,C0020,O00568,2024-11-16 21:24:00,Eta_Refresh,S88112,Web,North,72,1,2024-11,21,0,0
AE00468,C0256,O00270,2025-08-21 17:49:00,Chat_Opened,S77533,Android,Airport,386,1,2025-08,17,0,0
AE00469,C0364,O00426,2025-10-01 02:21:00,Chat_Opened,S25925,Android,North,230,1,2025-10,2,0,0
AE00470,C0426,O00313,2024-07-12 14:41:00,Chat_Opened,S38146,Ios,North,630,1,2024-07,14,0,1
AE00471,C0483,Not Linked,2024-08-30 13:38:00,Track_Order,S61566,Ios,Riverside,535,1,2024-08,13,0,0
AE00472,C0598,O00433,2024-08-03 09:44:00,Search_Route,S33427,Ios,West,400,1,2024-08,9,0,0
AE00473,C0237,O00215,2025-01-30 21:28:00,Payment_Retry,S43089,Android,Central,404,1,2025-01,21,0,0
AE00474,C0395,O01240,2025-11-06 13:46:00,Chat_Opened,S54474,Android,West,476,1,2025-11,13,0,0
AE00475,C0408,O00456,2025-11-20 04:29:00,Track_Order,S71913,Ios,South,763,1,2025-11,4,0,1
AE00476,C0523,O00217,2024-04-23 05:35:00,Track_Order,S88872,Web,West,294,1,2024-04,5,0,0
AE00477,C0266,Not Linked,2024-03-30 19:25:00,Delivery_Instruction_Update,S53022,Ios,Airport,365,1,2024-03,19,0,0
AE00478,C0629,O00162,2024-08-04 19:21:00,Cancel_Attempt,S92557,Ios,West,511,1,2024-08,19,0,0
AE00479,C0607,O00836,2025-01-09 13:34:00,Eta_Refresh,S96851,Ios,West,266,1,2025-01,13,0,0
AE00480,C0376,O00946,2025-09-17 13:25:00,Eta_Refresh,S83765,Web,West,655,1,2025-09,13,0,1
AE00481,C0120,O00026,2025-02-09 09:36:00,Eta_Refresh,S31920,Ios,West,486,1,2025-02,9,0,0
AE00482,C0538,O01053,2025-05-25 15:42:00,Track_Order,S90703,Android,Central,363,1,2025-05,15,0,0
AE00483,C0220,O00464,2025-08-05 22:34:00,Payment_Retry,S60131,Android,North,378,1,2025-08,22,0,0
AE00484,C0409,O00954,2024-09-08 07:04:00,Chat_Opened,S54681,Android,East,366,1,2024-09,7,0,0
AE00485,C0286,O00820,2025-03-22 14:00:00,Search_Route,S27241,Ios,Central,650,1,2025-03,14,0,1
AE00486,C0642,O01090,2024-11-24 12:57:00,Delivery_Instruction_Update,S44319,Web,East,445,1,2024-11,12,0,0
AE00487,C0113,O00668,2024-03-30 03:51:00,Search_Route,S82488,Web,Riverside,407,1,2024-03,3,0,0
AE00488,C0403,O00609,2025-06-02 02:06:00,Payment_Retry,S49774,Ios,North,504,0,2025-06,2,1,0
AE00489,C0216,O00923,2025-09-06 07:08:00,Search_Route,S25859,Web,Airport,93,1,2025-09,7,0,0
AE00490,C0092,O00951,2024-11-16 07:23:00,Track_Order,S49678,Android,Central,629,1,2024-11,7,0,1
AE00491,C0280,O00387,2024-10-28 12:40:00,Eta_Refresh,S83479,Ios,East,379,1,2024-10,12,0,0
AE00492,C0626,O00321,2025-09-27 14:21:00,Chat_Escalated,S90324,Web,Central,732,0,2025-09,14,1,1
AE00493,C0032,O00014,2025-10-16 22:09:00,Search_Route,S81341,Android,West,609,1,2025-10,22,0,1
AE00494,C0066,Not Linked,2024-12-17 10:58:00,Track_Order,S87386,Android,East,204,1,2024-12,10,0,0
AE00495,C0152,O00180,2025-05-26 14:42:00,Eta_Refresh,S19414,Ios,North,461,1,2025-05,14,0,0
AE00496,C0449,O00883,2024-02-21 07:36:00,Chat_Escalated,S79276,Android,South,699,1,2024-02,7,0,1
AE00497,C0019,O00629,2024-10-09 04:18:00,Search_Route,S48419,Android,South,570,1,2024-10,4,0,0
AE00498,C0621,Not Linked,2025-04-05 12:19:00,Chat_Opened,S97305,Ios,Airport,234,1,2025-04,12,0,0
AE00499,C0067,Not Linked,2025-01-15 23:40:00,Track_Order,S64477,Android,Riverside,322,1,2025-01,23,0,0
AE00500,C0044,O01025,2025-11-09 05:18:00,Cancel_Attempt,S17169,Android,Riverside,401,1,2025-11,5,0,0
AE00501,C0088,Not Linked,2024-03-21 09:36:00,Chat_Opened,S85870,Ios,South,317,1,2024-03,9,0,0
AE00502,C0298,O00586,2025-06-11 10:21:00,Delivery_Instruction_Update,S37174,Ios,Riverside,339,1,2025-06,10,0,0
AE00503,C0112,O00001,2024-08-02 12:35:00,Delivery_Instruction_Update,S44209,Android,Riverside,204,1,2024-08,12,0,0
AE00504,C0530,O00911,2024-09-27 20:14:00,Eta_Refresh,S26188,Ios,North,650,1,2024-09,20,0,1
AE00505,C0126,O00933,2025-07-16 13:22:00,Delivery_Instruction_Update,S77180,Web,Riverside,60,1,2025-07,13,0,0
AE00506,C0521,O00847,2025-06-12 23:24:00,Search_Route,S52317,Android,North,746,1,2025-06,23,0,1
AE00507,C0613,O00916,2025-12-30 23:05:00,Eta_Refresh,S75035,Ios,East,805,1,2025-12,23,0,1
AE00508,C0247,Not Linked,2024-01-05 03:05:00,Search_Route,S40964,Ios,Airport,661,1,2024-01,3,0,1
AE00509,C0408,O00111,2025-09-01 23:13:00,Delivery_Instruction_Update,S54652,Ios,North,558,1,2025-09,23,0,0
AE00510,C0622,O01201,2025-09-10 05:05:00,Chat_Opened,S76345,Android,West,200,1,2025-09,5,0,0
AE00511,C0603,O00263,2025-02-23 07:32:00,Eta_Refresh,S15323,Android,South,626,1,2025-02,7,0,1
AE00512,C0089,O00210,2024-04-09 08:22:00,Payment_Retry,S31359,Ios,Central,171,1,2024-04,8,0,0
AE00513,C0128,Not Linked,2025-12-15 19:45:00,Chat_Escalated,S83961,Android,Central,387,0,2025-12,19,1,0
AE00514,C0479,O00130,2024-04-16 07:25:00,Track_Order,S88181,Android,West,563,1,2024-04,7,0,0
AE00515,C0239,O00552,2025-08-10 23:50:00,Track_Order,S66252,Ios,South,241,1,2025-08,23,0,0
AE00516,C0054,O00305,2024-08-19 07:16:00,Eta_Refresh,S55049,Android,West,695,1,2024-08,7,0,1
AE00517,C0089,O00288,2025-01-06 00:09:00,Eta_Refresh,S30949,Android,Riverside,358,1,2025-01,0,0,0
AE00518,C0313,O00598,2025-03-20 18:15:00,Cancel_Attempt,S42373,Android,South,60,1,2025-03,18,0,0
AE00519,C0425,O00482,2025-03-13 19:45:00,Delivery_Instruction_Update,S91220,Android,South,472,1,2025-03,19,0,0
AE00520,C0221,O00875,2025-11-30 11:23:00,Delivery_Instruction_Update,S38093,Ios,South,60,1,2025-11,11,0,0
AE00521,C0542,O01079,2024-08-26 03:38:00,Eta_Refresh,S43006,Android,Airport,153,1,2024-08,3,0,0
AE00522,C0495,O00380,2024-01-09 03:41:00,Eta_Refresh,S15468,Ios,Airport,247,1,2024-01,3,0,0
AE00523,C0212,Not Linked,2025-08-13 15:36:00,Delivery_Instruction_Update,S34133,Android,Central,990,1,2025-08,15,0,1
AE00524,C0377,O00759,2024-03-17 02:17:00,Chat_Opened,S27328,Ios,Airport,1468,1,2024-03,2,0,1
AE00525,C0300,O01001,2025-07-23 15:34:00,Delivery_Instruction_Update,S49936,Android,Central,716,1,2025-07,15,0,1
AE00526,C0137,Not Linked,2025-04-21 19:54:00,Search_Route,S25731,Android,South,313,1,2025-04,19,0,0
AE00527,C0475,Not Linked,2025-10-06 08:53:00,Track_Order,S58709,Ios,West,225,1,2025-10,8,0,0
AE00528,C0502,O00032,2025-02-28 15:15:00,Eta_Refresh,S61761,Android,North,376,1,2025-02,15,0,0
AE00529,C0226,Not Linked,2024-01-17 07:51:00,Track_Order,S67010,Web,South,810,1,2024-01,7,0,1
AE00530,C0433,O00520,2024-01-01 10:39:00,Eta_Refresh,S29551,Ios,Riverside,279,1,2024-01,10,0,0
AE00531,C0175,O00897,2025-12-13 19:30:00,Payment_Retry,S18824,Ios,East,298,0,2025-12,19,1,0
AE00532,C0223,Not Linked,2025-04-13 05:32:00,Delivery_Instruction_Update,S23263,Web,West,420,1,2025-04,5,0,0
AE00533,C0358,O00953,2024-11-10 03:21:00,Eta_Refresh,S56553,Ios,Central,662,1,2024-11,3,0,1
AE00534,C0518,O00447,2024-01-04 16:24:00,Eta_Refresh,S59635,Android,North,271,1,2024-01,16,0,0
AE00535,C0133,O01234,2025-05-23 02:05:00,Chat_Opened,S28612,Android,Airport,405,1,2025-05,2,0,0
AE00536,C0317,Not Linked,2025-02-25 05:22:00,Eta_Refresh,S46532,Android,Central,671,1,2025-02,5,0,1
AE00537,C0124,O00394,2024-08-10 21:10:00,Search_Route,S68896,Android,South,431,1,2024-08,21,0,0
AE00538,C0597,O00135,2024-04-18 11:43:00,Delivery_Instruction_Update,S20205,Ios,East,666,1,2024-04,11,0,1
AE00539,C0145,O00986,2024-07-06 23:30:00,Track_Order,S78417,Web,East,133,1,2024-07,23,0,0
AE00540,C0094,Not Linked,2024-03-01 14:58:00,Chat_Opened,S46627,Android,North,347,1,2024-03,14,0,0
AE00541,C0635,O00803,2024-06-06 20:52:00,Track_Order,S34716,Ios,Riverside,83,1,2024-06,20,0,0
AE00542,C0508,O00291,2024-09-28 21:45:00,Track_Order,S86081,Ios,South,267,1,2024-09,21,0,0
AE00543,C0176,O00002,2025-06-26 03:34:00,Track_Order,S74871,Ios,Airport,244,1,2025-06,3,0,0
AE00544,C0411,O00258,2024-06-17 01:39:00,Chat_Opened,S14020,Ios,Central,451,1,2024-06,1,0,0
AE00545,C0019,O00640,2025-10-23 01:47:00,Search_Route,S93178,Android,Central,171,1,2025-10,1,0,0
AE00546,C0041,O00050,2025-07-18 12:02:00,Eta_Refresh,S37605,Web,North,242,1,2025-07,12,0,0
AE00547,C0238,O00764,2024-09-28 04:05:00,Chat_Escalated,S36427,Android,Riverside,1138,0,2024-09,4,1,1
AE00548,C0454,O00923,2024-05-03 13:22:00,Chat_Opened,S35306,Android,East,510,1,2024-05,13,0,0
AE00549,C0442,O00287,2025-08-29 00:35:00,Delivery_Instruction_Update,S64617,Ios,West,763,1,2025-08,0,0,1
AE00550,C0388,O00923,2024-08-15 18:46:00,Search_Route,S46051,Android,North,549,1,2024-08,18,0,0
AE00551,C0013,O00455,2025-06-15 23:09:00,Chat_Opened,S84328,Android,Riverside,477,1,2025-06,23,0,0
AE00552,C0616,O01232,2024-07-28 14:12:00,Search_Route,S47519,Android,South,671,1,2024-07,14,0,1
AE00553,C0401,Not Linked,2025-08-13 10:59:00,Track_Order,S41785,Ios,Central,104,1,2025-08,10,0,0
AE00554,C0394,O01117,2024-11-03 05:42:00,Track_Order,S93872,Web,South,292,1,2024-11,5,0,0
AE00555,C0108,Not Linked,2025-10-11 17:50:00,Track_Order,S35202,Web,Airport,904,1,2025-10,17,0,1
AE00556,C0266,Not Linked,2024-02-13 11:19:00,Track_Order,S17949,Ios,East,598,1,2024-02,11,0,0
AE00557,C0187,O00982,2025-02-13 06:44:00,Chat_Opened,S54552,Ios,Riverside,720,1,2025-02,6,0,1
AE00558,C0129,O01192,2024-08-27 13:04:00,Payment_Retry,S40376,Ios,East,603,1,2024-08,13,0,0
AE00559,C0337,O01131,2024-01-30 07:36:00,Chat_Escalated,S93047,Ios,Airport,426,0,2024-01,7,1,0
AE00560,C0062,O01056,2025-03-30 12:44:00,Chat_Opened,S36308,Android,Airport,60,1,2025-03,12,0,0
AE00561,C0006,O00716,2024-03-14 20:26:00,Chat_Opened,S17807,Web,South,97,1,2024-03,20,0,0
AE00562,C0291,O00100,2024-05-17 23:35:00,Payment_Retry,S45061,Android,South,567,0,2024-05,23,1,0
AE00563,C0259,O00572,2025-11-07 23:10:00,Search_Route,S94354,Ios,East,424,1,2025-11,23,0,0
AE00564,C0620,O00745,2025-06-29 18:33:00,Track_Order,S88208,Android,South,854,1,2025-06,18,0,1
AE00565,C0260,O00177,2024-09-19 23:02:00,Track_Order,S51574,Web,South,351,1,2024-09,23,0,0
AE00566,C0538,O00071,2024-12-15 09:29:00,Chat_Opened,S13907,Ios,Airport,709,1,2024-12,9,0,1
AE00567,C0403,Not Linked,2025-12-06 13:13:00,Delivery_Instruction_Update,S74491,Android,Riverside,838,1,2025-12,13,0,1
AE00568,C0033,O00103,2025-07-16 05:21:00,Search_Route,S88268,Ios,Airport,691,1,2025-07,5,0,1
AE00569,C0029,O00438,2025-05-20 00:59:00,Cancel_Attempt,S35398,Android,West,831,1,2025-05,0,0,1
AE00570,C0133,O01194,2024-05-21 17:50:00,Delivery_Instruction_Update,S69203,Ios,Riverside,387,1,2024-05,17,0,0
AE00571,C0568,O00328,2025-01-08 15:50:00,Chat_Escalated,S30102,Web,South,661,1,2025-01,15,0,1
AE00572,C0074,Not Linked,2025-10-03 05:16:00,Track_Order,S12786,Android,East,67,1,2025-10,5,0,0
AE00573,C0291,O00865,2024-04-17 04:45:00,Chat_Opened,S32689,Android,Central,256,1,2024-04,4,0,0
AE00574,C0591,O01219,2025-08-20 22:54:00,Track_Order,S22064,Android,Airport,517,1,2025-08,22,0,0
AE00575,C0509,O00011,2024-12-26 18:38:00,Track_Order,S44128,Ios,Airport,456,1,2024-12,18,0,0
AE00576,C0218,O00901,2024-11-04 21:00:00,Search_Route,S39058,Android,West,488,1,2024-11,21,0,0
AE00577,C0050,O00217,2025-10-29 03:52:00,Payment_Retry,S25608,Ios,South,280,1,2025-10,3,0,0
AE00578,C0289,O01215,2025-06-28 05:20:00,Chat_Opened,S40958,Android,Central,1462,1,2025-06,5,0,1
AE00579,C0088,O01143,2025-07-28 12:36:00,Search_Route,S48311,Android,North,730,1,2025-07,12,0,1
AE00580,C0442,O00629,2025-10-11 08:12:00,Delivery_Instruction_Update,S87300,Android,East,60,1,2025-10,8,0,0
AE00581,C0203,Not Linked,2024-03-07 08:14:00,Chat_Opened,S36767,Android,West,708,1,2024-03,8,0,1
AE00582,C0509,O00053,2025-01-01 20:04:00,Chat_Escalated,S17952,Ios,Central,1402,0,2025-01,20,1,1
AE00583,C0040,O00424,2024-12-19 02:44:00,Eta_Refresh,S38065,Ios,East,60,1,2024-12,2,0,0
AE00584,C0338,Not Linked,2024-06-02 09:07:00,Cancel_Attempt,S42250,Ios,North,441,1,2024-06,9,0,0
AE00585,C0183,O00458,2025-06-21 10:17:00,Eta_Refresh,S16357,Android,Central,152,1,2025-06,10,0,0
AE00586,C0334,Not Linked,2025-04-07 08:42:00,Search_Route,S25359,Android,Central,249,1,2025-04,8,0,0
AE00587,C0430,Not Linked,2024-05-21 17:34:00,Chat_Opened,S79926,Android,South,213,1,2024-05,17,0,0
AE00588,C0046,O00582,2025-06-03 08:19:00,Payment_Retry,S73412,Ios,Riverside,516,0,2025-06,8,1,0
AE00589,C0543,Not Linked,2024-11-19 19:38:00,Track_Order,S82119,Android,Riverside,357,1,2024-11,19,0,0
AE00590,C0515,Not Linked,2025-04-13 04:28:00,Search_Route,S33101,Android,East,145,1,2025-04,4,0,0
AE00591,C0099,O00801,2024-11-06 12:29:00,Eta_Refresh,S78327,Android,Central,755,1,2024-11,12,0,1
AE00592,C0231,Not Linked,2024-05-06 13:33:00,Delivery_Instruction_Update,S63193,Android,Airport,704,1,2024-05,13,0,1
AE00593,C0030,Not Linked,2025-03-10 18:52:00,Track_Order,S79043,Android,West,655,1,2025-03,18,0,1
AE00594,C0208,O00618,2024-03-03 09:59:00,Track_Order,S43752,Ios,West,308,1,2024-03,9,0,0
AE00595,C0610,O00716,2025-10-02 23:19:00,Eta_Refresh,S26110,Android,South,142,1,2025-10,23,0,0
AE00596,C0174,O00190,2024-01-01 19:53:00,Eta_Refresh,S32843,Ios,Airport,462,1,2024-01,19,0,0
AE00597,C0514,O00030,2024-12-02 18:45:00,Track_Order,S92720,Ios,Riverside,234,1,2024-12,18,0,0
AE00598,C0461,Not Linked,2024-06-05 00:16:00,Chat_Opened,S43230,Android,North,712,1,2024-06,0,0,1
AE00599,C0410,O00517,2024-09-10 00:17:00,Chat_Escalated,S52699,Web,Riverside,282,1,2024-09,0,0,0
AE00600,C0634,O00251,2024-12-03 03:06:00,Payment_Retry,S11815,Ios,West,432,1,2024-12,3,0,0
AE00601,C0503,O00374,2025-01-06 09:15:00,Delivery_Instruction_Update,S37139,Android,North,850,1,2025-01,9,0,1
AE00602,C0278,O00559,2024-11-29 17:16:00,Chat_Opened,S47257,Android,South,355,1,2024-11,17,0,0
AE00603,C0232,O00960,2024-07-04 16:58:00,Search_Route,S62391,Web,South,552,1,2024-07,16,0,0
AE00604,C0378,O00338,2024-05-05 23:01:00,Search_Route,S93133,Ios,Central,266,1,2024-05,23,0,0
AE00605,C0576,O01052,2024-07-20 03:58:00,Chat_Escalated,S79827,Web,North,235,0,2024-07,3,1,0
AE00606,C0442,O00536,2025-01-20 17:25:00,Eta_Refresh,S68063,Ios,South,394,1,2025-01,17,0,0
AE00607,C0128,O01228,2024-10-05 00:14:00,Eta_Refresh,S70979,Ios,North,609,1,2024-10,0,0,1
AE00608,C0032,O00812,2025-10-21 12:26:00,Eta_Refresh,S22172,Web,Riverside,60,1,2025-10,12,0,0
AE00609,C0003,O00895,2025-06-27 12:45:00,Payment_Retry,S43719,Ios,Riverside,715,1,2025-06,12,0,1
AE00610,C0590,Not Linked,2025-06-19 02:45:00,Track_Order,S62267,Web,Airport,60,1,2025-06,2,0,0
AE00611,C0038,O00716,2024-11-01 15:56:00,Track_Order,S52284,Android,Riverside,60,1,2024-11,15,0,0
AE00612,C0446,O00508,2024-07-26 04:10:00,Track_Order,S42727,Web,West,605,1,2024-07,4,0,0
AE00613,C0263,O00620,2025-03-03 17:24:00,Search_Route,S70320,Android,West,355,1,2025-03,17,0,0
AE00614,C0351,O00652,2024-05-01 01:28:00,Eta_Refresh,S73106,Android,Central,154,1,2024-05,1,0,0
AE00615,C0450,O00983,2025-09-04 00:03:00,Eta_Refresh,S99323,Ios,West,322,1,2025-09,0,0,0
AE00616,C0340,O00578,2025-04-08 21:34:00,Delivery_Instruction_Update,S42991,Android,South,569,1,2025-04,21,0,0
AE00617,C0131,Not Linked,2025-07-21 05:36:00,Chat_Opened,S95435,Ios,Central,770,1,2025-07,5,0,1
AE00618,C0058,O01053,2025-05-14 10:54:00,Track_Order,S64470,Ios,North,294,1,2025-05,10,0,0
AE00619,C0279,O00904,2024-03-14 15:05:00,Cancel_Attempt,S29439,Ios,West,551,1,2024-03,15,0,0
AE00620,C0017,O01083,2025-08-02 12:06:00,Track_Order,S69072,Android,North,448,1,2025-08,12,0,0
AE00621,C0141,O01114,2025-10-30 17:01:00,Delivery_Instruction_Update,S54683,Android,East,778,1,2025-10,17,0,1
AE00622,C0052,Not Linked,2024-05-31 16:42:00,Eta_Refresh,S48972,Ios,North,440,1,2024-05,16,0,0
AE00623,C0168,O00809,2025-01-04 07:15:00,Track_Order,S80005,Android,Airport,444,1,2025-01,7,0,0
AE00624,C0214,O00374,2025-06-27 06:15:00,Delivery_Instruction_Update,S81380,Ios,Airport,1285,1,2025-06,6,0,1
AE00625,C0650,O00427,2024-08-18 13:02:00,Search_Route,S41166,Android,South,333,1,2024-08,13,0,0
AE00626,C0159,O00492,2024-09-29 13:26:00,Track_Order,S38639,Android,West,414,1,2024-09,13,0,0
AE00627,C0357,Not Linked,2024-11-25 02:30:00,Search_Route,S10635,Web,North,225,1,2024-11,2,0,0
AE00628,C0264,O00101,2025-05-06 06:56:00,Eta_Refresh,S90532,Android,East,462,1,2025-05,6,0,0
AE00629,C0412,O01113,2025-08-29 10:33:00,Track_Order,S17041,Android,West,211,1,2025-08,10,0,0
AE00630,C0161,O00372,2025-06-18 06:26:00,Chat_Opened,S53370,Ios,South,60,1,2025-06,6,0,0
AE00631,C0106,O00340,2024-04-03 16:30:00,Chat_Escalated,S75165,Ios,South,313,1,2024-04,16,0,0
AE00632,C0459,O00658,2024-10-03 01:10:00,Chat_Opened,S57477,Android,South,283,1,2024-10,1,0,0
AE00633,C0298,O00533,2024-07-22 05:38:00,Delivery_Instruction_Update,S42849,Web,North,242,1,2024-07,5,0,0
AE00634,C0240,Not Linked,2024-02-13 14:15:00,Chat_Escalated,S33275,Android,Riverside,398,0,2024-02,14,1,0
AE00635,C0175,O00485,2025-09-04 14:17:00,Delivery_Instruction_Update,S65669,Ios,North,245,1,2025-09,14,0,0
AE00636,C0431,O00575,2025-12-07 01:24:00,Chat_Opened,S12829,Web,South,172,1,2025-12,1,0,0
AE00637,C0550,O01112,2024-05-22 07:43:00,Search_Route,S63179,Web,Central,535,1,2024-05,7,0,0
AE00638,C0184,O01227,2024-09-08 23:22:00,Eta_Refresh,S73176,Android,East,758,1,2024-09,23,0,1
AE00639,C0191,O00991,2025-01-06 07:47:00,Eta_Refresh,S77218,Android,Central,223,1,2025-01,7,0,0
AE00640,C0182,Not Linked,2025-04-15 23:12:00,Track_Order,S76489,Ios,Central,449,1,2025-04,23,0,0
